{"cameraMode":{"drawMode":0,"name":"Shaded","section":"Shading Mode"},"sceneLighting":true,"audioPlay":false,"sceneViewState":{"showFog":true,"showMaterialUpdate":false,"showSkybox":true,"showFlares":true,"showImageEffects":true,"showParticleSystems":true},"in2DMode":false,"pivot":{"x":-4.179140090942383,"y":-7.929017066955566,"z":6.3243303298950199},"rotation":{"x":-0.3839578926563263,"y":0.39714673161506655,"z":-0.18773013353347779,"w":-0.8121626973152161},"size":41.24140167236328,"orthographic":false}